"","Remiss","Cell","Smear","Infil","Li","Blast","Temp","prob"
"1",1,-8,-83,-66,1.9,1.1,-996,0.413729822742124
"13",0,-8,-46,-37,-4,-38,1.006,0.00019715574649204
"14",0,-2,-39,-8,-8,-114,-99,1.85530359190874e-08
"21",0,1,-33,-33,-4,-176,1.01,0.00440122181338536
"23",1,1,-58,-58,1,-531,1.002,0.887643063316485
"24",0,-95,-32,-32,1.6,-886,-988,0.998638625292444
